EXERCISE 9 ///////////////////////////////////////////////

mysql> select count(*) from Account;
+----------+
| count(*) |
+----------+
|     1000 |
+----------+
1 row in set (0.00 sec)



mysql> select count(*) from AddressBook;
+----------+
| count(*) |
+----------+
|     1100 |
+----------+
1 row in set (0.00 sec)



mysql> select count(*) from Entry;
+----------+
| count(*) |
+----------+
|     4000 |
+----------+
1 row in set (0.01 sec)